filename,latitude,longitude,year_taken,day_taken,url
25441112,46.25283333,20.15304722,2013,93,https://floodmap.modaps.eosdis.nasa.gov/getTile.php?location=020E050N&day=93&year=2013
25441113,46.24609167,20.14652222,2013,93,https://floodmap.modaps.eosdis.nasa.gov/getTile.php?location=020E050N&day=93&year=2013
25441114,46.25357222,20.15403889,2013,93,https://floodmap.modaps.eosdis.nasa.gov/getTile.php?location=020E050N&day=93&year=2013
25441115,46.25190833,20.15256111,2013,94,https://floodmap.modaps.eosdis.nasa.gov/getTile.php?location=020E050N&day=94&year=2013
25441162,46.25190833,20.15256111,2013,94,https://floodmap.modaps.eosdis.nasa.gov/getTile.php?location=020E050N&day=94&year=2013
25505067,47.13602829,19.44095802,2013,98,https://floodmap.modaps.eosdis.nasa.gov/getTile.php?location=010E050N&day=98&year=2013
26451872,49.784789,14.285366,2013,153,https://floodmap.modaps.eosdis.nasa.gov/getTile.php?location=010E050N&day=153&year=2013
26454805,48.3054,14.2797,2013,153,https://floodmap.modaps.eosdis.nasa.gov/getTile.php?location=010E050N&day=153&year=2013
26456353,48.3054,14.2797,2013,153,https://floodmap.modaps.eosdis.nasa.gov/getTile.php?location=010E050N&day=153&year=2013
26459045,50.094681,14.442667,2013,153,https://floodmap.modaps.eosdis.nasa.gov/getTile.php?location=010E060N&day=153&year=2013
26459046,50.094589,14.44245,2013,153,https://floodmap.modaps.eosdis.nasa.gov/getTile.php?location=010E060N&day=153&year=2013
26459050,50.094699,14.443111,2013,153,https://floodmap.modaps.eosdis.nasa.gov/getTile.php?location=010E060N&day=153&year=2013
26459061,50.094431,14.441147,2013,153,https://floodmap.modaps.eosdis.nasa.gov/getTile.php?location=010E060N&day=153&year=2013
26459096,50.086761,14.409233,2013,153,https://floodmap.modaps.eosdis.nasa.gov/getTile.php?location=010E060N&day=153&year=2013
26459097,50.086752,14.409771,2013,153,https://floodmap.modaps.eosdis.nasa.gov/getTile.php?location=010E060N&day=153&year=2013
26459102,50.086535,14.410903,2013,153,https://floodmap.modaps.eosdis.nasa.gov/getTile.php?location=010E060N&day=153&year=2013
26459109,50.082129,14.407796,2013,153,https://floodmap.modaps.eosdis.nasa.gov/getTile.php?location=010E060N&day=153&year=2013
26459125,50.093733,14.432339,2013,153,https://floodmap.modaps.eosdis.nasa.gov/getTile.php?location=010E060N&day=153&year=2013
26459129,50.093547,14.430967,2013,153,https://floodmap.modaps.eosdis.nasa.gov/getTile.php?location=010E060N&day=153&year=2013
26459138,50.081103,14.408069,2013,153,https://floodmap.modaps.eosdis.nasa.gov/getTile.php?location=010E060N&day=153&year=2013
26459139,50.081108,14.408072,2013,153,https://floodmap.modaps.eosdis.nasa.gov/getTile.php?location=010E060N&day=153&year=2013
26459141,50.081331,14.408275,2013,153,https://floodmap.modaps.eosdis.nasa.gov/getTile.php?location=010E060N&day=153&year=2013
26459144,50.081622,14.408056,2013,153,https://floodmap.modaps.eosdis.nasa.gov/getTile.php?location=010E060N&day=153&year=2013
26459148,50.0812,14.408206,2013,153,https://floodmap.modaps.eosdis.nasa.gov/getTile.php?location=010E060N&day=153&year=2013
26459174,50.068089,14.414464,2013,151,https://floodmap.modaps.eosdis.nasa.gov/getTile.php?location=010E060N&day=151&year=2013
26459175,50.071869,14.413853,2013,151,https://floodmap.modaps.eosdis.nasa.gov/getTile.php?location=010E060N&day=151&year=2013
26459978,49.941221,14.327816,2013,153,https://floodmap.modaps.eosdis.nasa.gov/getTile.php?location=010E050N&day=153&year=2013
26460153,48.397614,11.751391,2013,153,https://floodmap.modaps.eosdis.nasa.gov/getTile.php?location=010E050N&day=153&year=2013
26466796,50.82513,12.919772,2013,153,https://floodmap.modaps.eosdis.nasa.gov/getTile.php?location=010E060N&day=153&year=2013
26466803,50.825441,12.920094,2013,153,https://floodmap.modaps.eosdis.nasa.gov/getTile.php?location=010E060N&day=153&year=2013
26470296,50.068269,14.41094,2013,154,https://floodmap.modaps.eosdis.nasa.gov/getTile.php?location=010E060N&day=154&year=2013
26471264,50.9189,11.583494,2013,154,https://floodmap.modaps.eosdis.nasa.gov/getTile.php?location=010E060N&day=154&year=2013
26471285,50.918518,11.583152,2013,154,https://floodmap.modaps.eosdis.nasa.gov/getTile.php?location=010E060N&day=154&year=2013
26471327,50.918629,11.583417,2013,154,https://floodmap.modaps.eosdis.nasa.gov/getTile.php?location=010E060N&day=154&year=2013
26489962,50.103188,14.458056,2013,155,https://floodmap.modaps.eosdis.nasa.gov/getTile.php?location=010E060N&day=155&year=2013
26489971,50.103506,14.467461,2013,155,https://floodmap.modaps.eosdis.nasa.gov/getTile.php?location=010E060N&day=155&year=2013
26489973,50.10356,14.46724,2013,155,https://floodmap.modaps.eosdis.nasa.gov/getTile.php?location=010E060N&day=155&year=2013
26489975,50.103465,14.461063,2013,155,https://floodmap.modaps.eosdis.nasa.gov/getTile.php?location=010E060N&day=155&year=2013
26489990,50.103389,14.468672,2013,155,https://floodmap.modaps.eosdis.nasa.gov/getTile.php?location=010E060N&day=155&year=2013
26489994,50.103567,14.459536,2013,155,https://floodmap.modaps.eosdis.nasa.gov/getTile.php?location=010E060N&day=155&year=2013
26489998,50.103567,14.468973,2013,155,https://floodmap.modaps.eosdis.nasa.gov/getTile.php?location=010E060N&day=155&year=2013
26490003,50.103578,14.468972,2013,155,https://floodmap.modaps.eosdis.nasa.gov/getTile.php?location=010E060N&day=155&year=2013
26490005,50.076281,14.414008,2013,155,https://floodmap.modaps.eosdis.nasa.gov/getTile.php?location=010E060N&day=155&year=2013
26490008,50.075994,14.413736,2013,155,https://floodmap.modaps.eosdis.nasa.gov/getTile.php?location=010E060N&day=155&year=2013
26490014,50.075403,14.413687,2013,155,https://floodmap.modaps.eosdis.nasa.gov/getTile.php?location=010E060N&day=155&year=2013
26490016,50.079828,14.413686,2013,155,https://floodmap.modaps.eosdis.nasa.gov/getTile.php?location=010E060N&day=155&year=2013
26490018,50.079106,14.413939,2013,155,https://floodmap.modaps.eosdis.nasa.gov/getTile.php?location=010E060N&day=155&year=2013
26490024,50.076456,14.414053,2013,155,https://floodmap.modaps.eosdis.nasa.gov/getTile.php?location=010E060N&day=155&year=2013
26490097,48.211797,16.438653,2013,154,https://floodmap.modaps.eosdis.nasa.gov/getTile.php?location=010E050N&day=154&year=2013
26490433,48.2104,16.436842,2013,154,https://floodmap.modaps.eosdis.nasa.gov/getTile.php?location=010E050N&day=154&year=2013
26493196,48.242203,16.386865,2013,155,https://floodmap.modaps.eosdis.nasa.gov/getTile.php?location=010E050N&day=155&year=2013
26493197,48.247305,16.386691,2013,155,https://floodmap.modaps.eosdis.nasa.gov/getTile.php?location=010E050N&day=155&year=2013
26493199,48.24624,16.39438,2013,155,https://floodmap.modaps.eosdis.nasa.gov/getTile.php?location=010E050N&day=155&year=2013
26493200,48.248042,16.389303,2013,155,https://floodmap.modaps.eosdis.nasa.gov/getTile.php?location=010E050N&day=155&year=2013
26493202,48.244879,16.395872,2013,155,https://floodmap.modaps.eosdis.nasa.gov/getTile.php?location=010E050N&day=155&year=2013
26493206,48.231466,16.405828,2013,155,https://floodmap.modaps.eosdis.nasa.gov/getTile.php?location=010E050N&day=155&year=2013
26493209,48.229929,16.408717,2013,155,https://floodmap.modaps.eosdis.nasa.gov/getTile.php?location=010E050N&day=155&year=2013
26493210,48.229853,16.408818,2013,155,https://floodmap.modaps.eosdis.nasa.gov/getTile.php?location=010E050N&day=155&year=2013
26493211,48.229397,16.409546,2013,155,https://floodmap.modaps.eosdis.nasa.gov/getTile.php?location=010E050N&day=155&year=2013
26493212,48.229488,16.409411,2013,155,https://floodmap.modaps.eosdis.nasa.gov/getTile.php?location=010E050N&day=155&year=2013
26499593,48.255844,16.384851,2013,155,https://floodmap.modaps.eosdis.nasa.gov/getTile.php?location=010E050N&day=155&year=2013
26499630,48.253098,16.376932,2013,155,https://floodmap.modaps.eosdis.nasa.gov/getTile.php?location=010E050N&day=155&year=2013
26499710,48.265072,16.377144,2013,155,https://floodmap.modaps.eosdis.nasa.gov/getTile.php?location=010E050N&day=155&year=2013
26503038,48.396307,11.751914,2013,154,https://floodmap.modaps.eosdis.nasa.gov/getTile.php?location=010E050N&day=154&year=2013
26503049,48.398615,11.753917,2013,154,https://floodmap.modaps.eosdis.nasa.gov/getTile.php?location=010E050N&day=154&year=2013
26503051,48.397548,11.751447,2013,154,https://floodmap.modaps.eosdis.nasa.gov/getTile.php?location=010E050N&day=154&year=2013
26503728,48.241013,16.398398,2013,155,https://floodmap.modaps.eosdis.nasa.gov/getTile.php?location=010E050N&day=155&year=2013
26510837,49.257694,14.715114,2013,155,https://floodmap.modaps.eosdis.nasa.gov/getTile.php?location=010E050N&day=155&year=2013
26527945,51.076998,13.717624,2013,157,https://floodmap.modaps.eosdis.nasa.gov/getTile.php?location=010E060N&day=157&year=2013
26527946,51.07743,13.714974,2013,157,https://floodmap.modaps.eosdis.nasa.gov/getTile.php?location=010E060N&day=157&year=2013
26527947,51.076488,13.719037,2013,157,https://floodmap.modaps.eosdis.nasa.gov/getTile.php?location=010E060N&day=157&year=2013
26533089,50.095028,14.441306,2013,156,https://floodmap.modaps.eosdis.nasa.gov/getTile.php?location=010E060N&day=156&year=2013
26533125,50.094472,14.441417,2013,156,https://floodmap.modaps.eosdis.nasa.gov/getTile.php?location=010E060N&day=156&year=2013
26533219,50.097778,14.440639,2013,156,https://floodmap.modaps.eosdis.nasa.gov/getTile.php?location=010E060N&day=156&year=2013
26538134,50.109556,14.419139,2013,156,https://floodmap.modaps.eosdis.nasa.gov/getTile.php?location=010E060N&day=156&year=2013
26538899,50.113306,14.393944,2013,156,https://floodmap.modaps.eosdis.nasa.gov/getTile.php?location=010E060N&day=156&year=2013
26538926,50.117083,14.391667,2013,156,https://floodmap.modaps.eosdis.nasa.gov/getTile.php?location=010E060N&day=156&year=2013
26538956,50.121667,14.393361,2013,156,https://floodmap.modaps.eosdis.nasa.gov/getTile.php?location=010E060N&day=156&year=2013
26538971,50.118278,14.391889,2013,156,https://floodmap.modaps.eosdis.nasa.gov/getTile.php?location=010E060N&day=156&year=2013
26538976,50.118278,14.391889,2013,156,https://floodmap.modaps.eosdis.nasa.gov/getTile.php?location=010E060N&day=156&year=2013
26538988,50.120028,14.392556,2013,156,https://floodmap.modaps.eosdis.nasa.gov/getTile.php?location=010E060N&day=156&year=2013
26539230,50.133056,14.392528,2013,156,https://floodmap.modaps.eosdis.nasa.gov/getTile.php?location=010E060N&day=156&year=2013
26539265,50.138333,14.392278,2013,156,https://floodmap.modaps.eosdis.nasa.gov/getTile.php?location=010E060N&day=156&year=2013
26539740,48.230412,16.4076,2013,158,https://floodmap.modaps.eosdis.nasa.gov/getTile.php?location=010E050N&day=158&year=2013
26539742,48.230408,16.407598,2013,158,https://floodmap.modaps.eosdis.nasa.gov/getTile.php?location=010E050N&day=158&year=2013
26539743,48.230461,16.40749,2013,158,https://floodmap.modaps.eosdis.nasa.gov/getTile.php?location=010E050N&day=158&year=2013
26539745,48.230461,16.40749,2013,158,https://floodmap.modaps.eosdis.nasa.gov/getTile.php?location=010E050N&day=158&year=2013
26539747,48.232318,16.404554,2013,158,https://floodmap.modaps.eosdis.nasa.gov/getTile.php?location=010E050N&day=158&year=2013
26539839,49.452308,14.283356,2013,153,https://floodmap.modaps.eosdis.nasa.gov/getTile.php?location=010E050N&day=153&year=2013
26539841,49.452278,14.283369,2013,153,https://floodmap.modaps.eosdis.nasa.gov/getTile.php?location=010E050N&day=153&year=2013
26539842,49.452322,14.284019,2013,153,https://floodmap.modaps.eosdis.nasa.gov/getTile.php?location=010E050N&day=153&year=2013
26539846,49.452303,14.283983,2013,153,https://floodmap.modaps.eosdis.nasa.gov/getTile.php?location=010E050N&day=153&year=2013
26539847,49.452239,14.284142,2013,153,https://floodmap.modaps.eosdis.nasa.gov/getTile.php?location=010E050N&day=153&year=2013
26543613,51.489922,11.951958,2013,155,https://floodmap.modaps.eosdis.nasa.gov/getTile.php?location=010E060N&day=155&year=2013
26548314,48.568662,13.468463,2013,159,https://floodmap.modaps.eosdis.nasa.gov/getTile.php?location=010E050N&day=159&year=2013
26549898,48.568695,13.468485,2013,159,https://floodmap.modaps.eosdis.nasa.gov/getTile.php?location=010E050N&day=159&year=2013
26550482,50.157028,14.398167,2013,156,https://floodmap.modaps.eosdis.nasa.gov/getTile.php?location=010E060N&day=156&year=2013
26550802,50.165889,14.401028,2013,156,https://floodmap.modaps.eosdis.nasa.gov/getTile.php?location=010E060N&day=156&year=2013
26550876,50.171083,14.388194,2013,156,https://floodmap.modaps.eosdis.nasa.gov/getTile.php?location=010E060N&day=156&year=2013
26551204,50.169972,14.370194,2013,156,https://floodmap.modaps.eosdis.nasa.gov/getTile.php?location=010E060N&day=156&year=2013
26551426,50.168361,14.36575,2013,156,https://floodmap.modaps.eosdis.nasa.gov/getTile.php?location=010E060N&day=156&year=2013
26551653,50.170889,14.35125,2013,156,https://floodmap.modaps.eosdis.nasa.gov/getTile.php?location=010E060N&day=156&year=2013
26551906,50.176417,14.351583,2013,156,https://floodmap.modaps.eosdis.nasa.gov/getTile.php?location=010E060N&day=156&year=2013
26551924,50.179083,14.35525,2013,156,https://floodmap.modaps.eosdis.nasa.gov/getTile.php?location=010E060N&day=156&year=2013
26551987,50.181083,14.361306,2013,156,https://floodmap.modaps.eosdis.nasa.gov/getTile.php?location=010E060N&day=156&year=2013
26552014,50.181111,14.361361,2013,156,https://floodmap.modaps.eosdis.nasa.gov/getTile.php?location=010E060N&day=156&year=2013
26552022,50.179139,14.355278,2013,156,https://floodmap.modaps.eosdis.nasa.gov/getTile.php?location=010E060N&day=156&year=2013
26552410,52.111111,11.636736,2013,159,https://floodmap.modaps.eosdis.nasa.gov/getTile.php?location=010E060N&day=159&year=2013
26552639,52.112911,11.635753,2013,157,https://floodmap.modaps.eosdis.nasa.gov/getTile.php?location=010E060N&day=157&year=2013
26552742,52.123133,11.636314,2013,158,https://floodmap.modaps.eosdis.nasa.gov/getTile.php?location=010E060N&day=158&year=2013
26552824,50.2005,14.3635,2013,156,https://floodmap.modaps.eosdis.nasa.gov/getTile.php?location=010E060N&day=156&year=2013
26566768,52.11675,11.637642,2013,156,https://floodmap.modaps.eosdis.nasa.gov/getTile.php?location=010E060N&day=156&year=2013
26566891,49.522736,14.304483,2013,160,https://floodmap.modaps.eosdis.nasa.gov/getTile.php?location=010E050N&day=160&year=2013
26567375,52.124347,11.636792,2013,160,https://floodmap.modaps.eosdis.nasa.gov/getTile.php?location=010E060N&day=160&year=2013
26573838,47.495556,19.048889,2013,160,https://floodmap.modaps.eosdis.nasa.gov/getTile.php?location=010E050N&day=160&year=2013
26578013,47.498333,19.040833,2013,160,https://floodmap.modaps.eosdis.nasa.gov/getTile.php?location=010E050N&day=160&year=2013
26578274,47.499722,19.040556,2013,160,https://floodmap.modaps.eosdis.nasa.gov/getTile.php?location=010E050N&day=160&year=2013
26578335,47.499167,19.046111,2013,160,https://floodmap.modaps.eosdis.nasa.gov/getTile.php?location=010E050N&day=160&year=2013
26582985,47.684264,17.627283,2013,158,https://floodmap.modaps.eosdis.nasa.gov/getTile.php?location=010E050N&day=158&year=2013
26582986,47.684264,17.627283,2013,158,https://floodmap.modaps.eosdis.nasa.gov/getTile.php?location=010E050N&day=158&year=2013
26582994,47.684264,17.627283,2013,158,https://floodmap.modaps.eosdis.nasa.gov/getTile.php?location=010E050N&day=158&year=2013
26582999,47.684264,17.627283,2013,158,https://floodmap.modaps.eosdis.nasa.gov/getTile.php?location=010E050N&day=158&year=2013
26583004,47.684264,17.627283,2013,158,https://floodmap.modaps.eosdis.nasa.gov/getTile.php?location=010E050N&day=158&year=2013
26583005,47.684264,17.627283,2013,158,https://floodmap.modaps.eosdis.nasa.gov/getTile.php?location=010E050N&day=158&year=2013
26583006,47.684264,17.627283,2013,158,https://floodmap.modaps.eosdis.nasa.gov/getTile.php?location=010E050N&day=158&year=2013
26583009,47.684264,17.627283,2013,158,https://floodmap.modaps.eosdis.nasa.gov/getTile.php?location=010E050N&day=158&year=2013
26583016,47.684264,17.627283,2013,158,https://floodmap.modaps.eosdis.nasa.gov/getTile.php?location=010E050N&day=158&year=2013
26583035,47.684264,17.627283,2013,158,https://floodmap.modaps.eosdis.nasa.gov/getTile.php?location=010E050N&day=158&year=2013
26583041,47.684264,17.627283,2013,158,https://floodmap.modaps.eosdis.nasa.gov/getTile.php?location=010E050N&day=158&year=2013
26583045,47.684264,17.627283,2013,158,https://floodmap.modaps.eosdis.nasa.gov/getTile.php?location=010E050N&day=158&year=2013
26583051,47.684264,17.627283,2013,158,https://floodmap.modaps.eosdis.nasa.gov/getTile.php?location=010E050N&day=158&year=2013
26583055,47.684264,17.627283,2013,158,https://floodmap.modaps.eosdis.nasa.gov/getTile.php?location=010E050N&day=158&year=2013
26583056,47.684264,17.627283,2013,158,https://floodmap.modaps.eosdis.nasa.gov/getTile.php?location=010E050N&day=158&year=2013
26583057,47.684264,17.627283,2013,158,https://floodmap.modaps.eosdis.nasa.gov/getTile.php?location=010E050N&day=158&year=2013
26583077,49.076175,9.155023,2013,153,https://floodmap.modaps.eosdis.nasa.gov/getTile.php?location=000E050N&day=153&year=2013
26583096,49.076175,9.155023,2013,153,https://floodmap.modaps.eosdis.nasa.gov/getTile.php?location=000E050N&day=153&year=2013
26583114,49.076175,9.155023,2013,153,https://floodmap.modaps.eosdis.nasa.gov/getTile.php?location=000E050N&day=153&year=2013
26583132,49.076175,9.155023,2013,153,https://floodmap.modaps.eosdis.nasa.gov/getTile.php?location=000E050N&day=153&year=2013
26583310,47.684264,17.627283,2013,158,https://floodmap.modaps.eosdis.nasa.gov/getTile.php?location=010E050N&day=158&year=2013
26583311,47.684264,17.627283,2013,158,https://floodmap.modaps.eosdis.nasa.gov/getTile.php?location=010E050N&day=158&year=2013
26583320,47.684264,17.627283,2013,158,https://floodmap.modaps.eosdis.nasa.gov/getTile.php?location=010E050N&day=158&year=2013
26583333,47.684264,17.627283,2013,158,https://floodmap.modaps.eosdis.nasa.gov/getTile.php?location=010E050N&day=158&year=2013
26583339,47.684264,17.627283,2013,158,https://floodmap.modaps.eosdis.nasa.gov/getTile.php?location=010E050N&day=158&year=2013
26583346,47.684264,17.627283,2013,158,https://floodmap.modaps.eosdis.nasa.gov/getTile.php?location=010E050N&day=158&year=2013
26583347,47.684264,17.627283,2013,158,https://floodmap.modaps.eosdis.nasa.gov/getTile.php?location=010E050N&day=158&year=2013
26583358,47.684264,17.627283,2013,158,https://floodmap.modaps.eosdis.nasa.gov/getTile.php?location=010E050N&day=158&year=2013
26600751,50.354444,15.918933,2013,159,https://floodmap.modaps.eosdis.nasa.gov/getTile.php?location=010E060N&day=159&year=2013
26601068,50.354333,15.918786,2013,159,https://floodmap.modaps.eosdis.nasa.gov/getTile.php?location=010E060N&day=159&year=2013
26603830,50.112528,14.445083,2013,161,https://floodmap.modaps.eosdis.nasa.gov/getTile.php?location=010E060N&day=161&year=2013
26631841,51.48246002,11.96403313,2013,154,https://floodmap.modaps.eosdis.nasa.gov/getTile.php?location=010E060N&day=154&year=2013
26632211,51.484872,11.962842,2013,154,https://floodmap.modaps.eosdis.nasa.gov/getTile.php?location=010E060N&day=154&year=2013
26640329,50.105514,14.472778,2013,154,https://floodmap.modaps.eosdis.nasa.gov/getTile.php?location=010E060N&day=154&year=2013
26649912,51.077376,13.690241,2013,163,https://floodmap.modaps.eosdis.nasa.gov/getTile.php?location=010E060N&day=163&year=2013
26666525,52.111439,11.638714,2013,162,https://floodmap.modaps.eosdis.nasa.gov/getTile.php?location=010E060N&day=162&year=2013
26666821,52.135144,11.650381,2013,164,https://floodmap.modaps.eosdis.nasa.gov/getTile.php?location=010E060N&day=164&year=2013
26704277,51.857997,12.345696,2013,159,https://floodmap.modaps.eosdis.nasa.gov/getTile.php?location=010E060N&day=159&year=2013
26727541,49.606253,14.182706,2013,159,https://floodmap.modaps.eosdis.nasa.gov/getTile.php?location=010E050N&day=159&year=2013
26727652,49.6082,14.183972,2013,159,https://floodmap.modaps.eosdis.nasa.gov/getTile.php?location=010E050N&day=159&year=2013
26727663,49.610775,14.187758,2013,159,https://floodmap.modaps.eosdis.nasa.gov/getTile.php?location=010E050N&day=159&year=2013
26727777,50.105389,14.472822,2013,154,https://floodmap.modaps.eosdis.nasa.gov/getTile.php?location=010E060N&day=154&year=2013
26728176,50.103569,14.4689,2013,154,https://floodmap.modaps.eosdis.nasa.gov/getTile.php?location=010E060N&day=154&year=2013
26728787,50.103406,14.468747,2013,154,https://floodmap.modaps.eosdis.nasa.gov/getTile.php?location=010E060N&day=154&year=2013
26729046,50.103347,14.466903,2013,154,https://floodmap.modaps.eosdis.nasa.gov/getTile.php?location=010E060N&day=154&year=2013
26729146,50.103347,14.466903,2013,154,https://floodmap.modaps.eosdis.nasa.gov/getTile.php?location=010E060N&day=154&year=2013
26746665,50.103425,14.459525,2013,154,https://floodmap.modaps.eosdis.nasa.gov/getTile.php?location=010E060N&day=154&year=2013
26750873,49.309825,14.146403,2013,154,https://floodmap.modaps.eosdis.nasa.gov/getTile.php?location=010E050N&day=154&year=2013
26750874,49.309825,14.146403,2013,154,https://floodmap.modaps.eosdis.nasa.gov/getTile.php?location=010E050N&day=154&year=2013
26750876,49.309825,14.146403,2013,154,https://floodmap.modaps.eosdis.nasa.gov/getTile.php?location=010E050N&day=154&year=2013
26750877,49.309825,14.146403,2013,154,https://floodmap.modaps.eosdis.nasa.gov/getTile.php?location=010E050N&day=154&year=2013
26750879,49.309889,14.146008,2013,154,https://floodmap.modaps.eosdis.nasa.gov/getTile.php?location=010E050N&day=154&year=2013
26750885,49.309889,14.146008,2013,154,https://floodmap.modaps.eosdis.nasa.gov/getTile.php?location=010E050N&day=154&year=2013
26750896,49.309825,14.146403,2013,154,https://floodmap.modaps.eosdis.nasa.gov/getTile.php?location=010E050N&day=154&year=2013
26784462,49.309708,14.145025,2013,157,https://floodmap.modaps.eosdis.nasa.gov/getTile.php?location=010E050N&day=157&year=2013
26784469,49.309828,14.145081,2013,157,https://floodmap.modaps.eosdis.nasa.gov/getTile.php?location=010E050N&day=157&year=2013
26784499,49.309708,14.145025,2013,157,https://floodmap.modaps.eosdis.nasa.gov/getTile.php?location=010E050N&day=157&year=2013
26784802,50.093564,14.430625,2013,155,https://floodmap.modaps.eosdis.nasa.gov/getTile.php?location=010E060N&day=155&year=2013
26785324,50.093333,14.428211,2013,155,https://floodmap.modaps.eosdis.nasa.gov/getTile.php?location=010E060N&day=155&year=2013
26817111,53.365756,10.565714,2013,160,https://floodmap.modaps.eosdis.nasa.gov/getTile.php?location=010E060N&day=160&year=2013
26817161,53.370594,10.565628,2013,161,https://floodmap.modaps.eosdis.nasa.gov/getTile.php?location=010E060N&day=161&year=2013
26817259,53.368228,10.564588,2013,161,https://floodmap.modaps.eosdis.nasa.gov/getTile.php?location=010E060N&day=161&year=2013
26817270,53.368228,10.564588,2013,161,https://floodmap.modaps.eosdis.nasa.gov/getTile.php?location=010E060N&day=161&year=2013
26817342,53.370085,10.555142,2013,167,https://floodmap.modaps.eosdis.nasa.gov/getTile.php?location=010E060N&day=167&year=2013
26817375,53.370085,10.555142,2013,167,https://floodmap.modaps.eosdis.nasa.gov/getTile.php?location=010E060N&day=167&year=2013
26819840,50.094328,14.426842,2013,155,https://floodmap.modaps.eosdis.nasa.gov/getTile.php?location=010E060N&day=155&year=2013
26828107,50.093281,14.425903,2013,155,https://floodmap.modaps.eosdis.nasa.gov/getTile.php?location=010E060N&day=155&year=2013
26828607,51.030484,13.702054,2013,153,https://floodmap.modaps.eosdis.nasa.gov/getTile.php?location=010E060N&day=153&year=2013
26828652,51.025031,13.701056,2013,153,https://floodmap.modaps.eosdis.nasa.gov/getTile.php?location=010E060N&day=153&year=2013
26828772,51.024923,13.700297,2013,153,https://floodmap.modaps.eosdis.nasa.gov/getTile.php?location=010E060N&day=153&year=2013
26830556,50.093081,14.421839,2013,155,https://floodmap.modaps.eosdis.nasa.gov/getTile.php?location=010E060N&day=155&year=2013
26831760,51.025589,13.700069,2013,153,https://floodmap.modaps.eosdis.nasa.gov/getTile.php?location=010E060N&day=153&year=2013
26876048,50.092875,14.420108,2013,155,https://floodmap.modaps.eosdis.nasa.gov/getTile.php?location=010E060N&day=155&year=2013
26953508,51.076702,13.704476,2013,156,https://floodmap.modaps.eosdis.nasa.gov/getTile.php?location=010E060N&day=156&year=2013
26982954,50.354283,15.918475,2013,180,https://floodmap.modaps.eosdis.nasa.gov/getTile.php?location=010E060N&day=180&year=2013
26983358,50.354178,15.918208,2013,180,https://floodmap.modaps.eosdis.nasa.gov/getTile.php?location=010E060N&day=180&year=2013
27123203,50.073236,14.413847,2013,156,https://floodmap.modaps.eosdis.nasa.gov/getTile.php?location=010E060N&day=156&year=2013
27123437,50.073056,14.413428,2013,156,https://floodmap.modaps.eosdis.nasa.gov/getTile.php?location=010E060N&day=156&year=2013
27148922,50.072872,14.413092,2013,156,https://floodmap.modaps.eosdis.nasa.gov/getTile.php?location=010E060N&day=156&year=2013
27151233,50.070181,14.414386,2013,156,https://floodmap.modaps.eosdis.nasa.gov/getTile.php?location=010E060N&day=156&year=2013
27151899,50.068267,14.414772,2013,156,https://floodmap.modaps.eosdis.nasa.gov/getTile.php?location=010E060N&day=156&year=2013
27187630,50.070719,14.414219,2013,156,https://floodmap.modaps.eosdis.nasa.gov/getTile.php?location=010E060N&day=156&year=2013
27187818,50.068261,14.414597,2013,156,https://floodmap.modaps.eosdis.nasa.gov/getTile.php?location=010E060N&day=156&year=2013
27188005,50.06815,14.414689,2013,156,https://floodmap.modaps.eosdis.nasa.gov/getTile.php?location=010E060N&day=156&year=2013
27284346,50.072633,14.410372,2013,156,https://floodmap.modaps.eosdis.nasa.gov/getTile.php?location=010E060N&day=156&year=2013
27284623,50.072736,14.410889,2013,156,https://floodmap.modaps.eosdis.nasa.gov/getTile.php?location=010E060N&day=156&year=2013
27285395,50.067347,14.410242,2013,156,https://floodmap.modaps.eosdis.nasa.gov/getTile.php?location=010E060N&day=156&year=2013
27285799,50.074733,14.409397,2013,156,https://floodmap.modaps.eosdis.nasa.gov/getTile.php?location=010E060N&day=156&year=2013
27285906,50.073972,14.409728,2013,156,https://floodmap.modaps.eosdis.nasa.gov/getTile.php?location=010E060N&day=156&year=2013
27340849,50.075328,14.409375,2013,156,https://floodmap.modaps.eosdis.nasa.gov/getTile.php?location=010E060N&day=156&year=2013
27341305,50.075575,14.410239,2013,156,https://floodmap.modaps.eosdis.nasa.gov/getTile.php?location=010E060N&day=156&year=2013
27341748,50.075708,14.410136,2013,156,https://floodmap.modaps.eosdis.nasa.gov/getTile.php?location=010E060N&day=156&year=2013
27350424,50.075614,14.411022,2013,156,https://floodmap.modaps.eosdis.nasa.gov/getTile.php?location=010E060N&day=156&year=2013
27350631,50.075869,14.413139,2013,156,https://floodmap.modaps.eosdis.nasa.gov/getTile.php?location=010E060N&day=156&year=2013
27350894,50.076494,14.414072,2013,156,https://floodmap.modaps.eosdis.nasa.gov/getTile.php?location=010E060N&day=156&year=2013
27352186,50.079728,14.413611,2013,156,https://floodmap.modaps.eosdis.nasa.gov/getTile.php?location=010E060N&day=156&year=2013
27352510,50.080894,14.413064,2013,156,https://floodmap.modaps.eosdis.nasa.gov/getTile.php?location=010E060N&day=156&year=2013
27352857,50.081406,14.411175,2013,156,https://floodmap.modaps.eosdis.nasa.gov/getTile.php?location=010E060N&day=156&year=2013
27354783,50.081406,14.411175,2013,156,https://floodmap.modaps.eosdis.nasa.gov/getTile.php?location=010E060N&day=156&year=2013
27355857,50.081389,14.409331,2013,156,https://floodmap.modaps.eosdis.nasa.gov/getTile.php?location=010E060N&day=156&year=2013
27356595,50.081253,14.409122,2013,156,https://floodmap.modaps.eosdis.nasa.gov/getTile.php?location=010E060N&day=156&year=2013
27396666,50.081242,14.408692,2013,156,https://floodmap.modaps.eosdis.nasa.gov/getTile.php?location=010E060N&day=156&year=2013
27396801,50.081225,14.408367,2013,156,https://floodmap.modaps.eosdis.nasa.gov/getTile.php?location=010E060N&day=156&year=2013
27397160,50.081478,14.408056,2013,156,https://floodmap.modaps.eosdis.nasa.gov/getTile.php?location=010E060N&day=156&year=2013
27398062,50.082092,14.407847,2013,156,https://floodmap.modaps.eosdis.nasa.gov/getTile.php?location=010E060N&day=156&year=2013
27398430,50.082083,14.407756,2013,156,https://floodmap.modaps.eosdis.nasa.gov/getTile.php?location=010E060N&day=156&year=2013
27502642,53.008333,11.655167,2013,204,https://floodmap.modaps.eosdis.nasa.gov/getTile.php?location=010E060N&day=204&year=2013
27874199,48.2369025,16.39320667,2013,156,https://floodmap.modaps.eosdis.nasa.gov/getTile.php?location=010E050N&day=156&year=2013
27874598,48.23906611,16.39585889,2013,156,https://floodmap.modaps.eosdis.nasa.gov/getTile.php?location=010E050N&day=156&year=2013
27874656,48.23925781,16.39585876,2013,156,https://floodmap.modaps.eosdis.nasa.gov/getTile.php?location=010E050N&day=156&year=2013
27874721,48.23942111,16.39612861,2013,156,https://floodmap.modaps.eosdis.nasa.gov/getTile.php?location=010E050N&day=156&year=2013
27874737,48.23876444,16.39669806,2013,156,https://floodmap.modaps.eosdis.nasa.gov/getTile.php?location=010E050N&day=156&year=2013
28009172,48.227648,16.409331,2013,156,https://floodmap.modaps.eosdis.nasa.gov/getTile.php?location=010E050N&day=156&year=2013
28235760,51.064726,13.689959,2004,2,https://floodmap.modaps.eosdis.nasa.gov/getTile.php?location=010E060N&day=2&year=2004
28594588,50.074078,14.413676,2013,153,https://floodmap.modaps.eosdis.nasa.gov/getTile.php?location=010E060N&day=153&year=2013
28594589,50.074078,14.413676,2013,153,https://floodmap.modaps.eosdis.nasa.gov/getTile.php?location=010E060N&day=153&year=2013
28595671,50.085529,14.408616,2013,153,https://floodmap.modaps.eosdis.nasa.gov/getTile.php?location=010E060N&day=153&year=2013
30177333,50.880581,12.07375,2013,154,https://floodmap.modaps.eosdis.nasa.gov/getTile.php?location=010E060N&day=154&year=2013
33022188,51.054253,13.738528,2013,153,https://floodmap.modaps.eosdis.nasa.gov/getTile.php?location=010E060N&day=153&year=2013
47328028,51.527974,11.908649,2013,156,https://floodmap.modaps.eosdis.nasa.gov/getTile.php?location=010E060N&day=156&year=2013
47328056,51.527863,11.859199,2013,156,https://floodmap.modaps.eosdis.nasa.gov/getTile.php?location=010E060N&day=156&year=2013
47328088,51.492987,11.955817,2013,157,https://floodmap.modaps.eosdis.nasa.gov/getTile.php?location=010E060N&day=157&year=2013
56467428,47.827312,10.20999,2013,153,https://floodmap.modaps.eosdis.nasa.gov/getTile.php?location=010E050N&day=153&year=2013
56467433,47.827312,10.20999,2013,153,https://floodmap.modaps.eosdis.nasa.gov/getTile.php?location=010E050N&day=153&year=2013
56467446,47.827312,10.20999,2013,153,https://floodmap.modaps.eosdis.nasa.gov/getTile.php?location=010E050N&day=153&year=2013
56467579,47.817535,10.226609,2013,153,https://floodmap.modaps.eosdis.nasa.gov/getTile.php?location=010E050N&day=153&year=2013
56490653,51.053419,13.744209,2013,156,https://floodmap.modaps.eosdis.nasa.gov/getTile.php?location=010E060N&day=156&year=2013
56490663,51.053794,13.739444,2013,156,https://floodmap.modaps.eosdis.nasa.gov/getTile.php?location=010E060N&day=156&year=2013
56491105,51.056205,13.734916,2013,156,https://floodmap.modaps.eosdis.nasa.gov/getTile.php?location=010E060N&day=156&year=2013
56491125,51.056296,13.734798,2013,156,https://floodmap.modaps.eosdis.nasa.gov/getTile.php?location=010E060N&day=156&year=2013
56491144,51.056015,13.735216,2013,156,https://floodmap.modaps.eosdis.nasa.gov/getTile.php?location=010E060N&day=156&year=2013
56491208,51.054917,13.736622,2013,156,https://floodmap.modaps.eosdis.nasa.gov/getTile.php?location=010E060N&day=156&year=2013
56491253,51.053733,13.738965,2013,156,https://floodmap.modaps.eosdis.nasa.gov/getTile.php?location=010E060N&day=156&year=2013
56491269,51.053784,13.738865,2013,156,https://floodmap.modaps.eosdis.nasa.gov/getTile.php?location=010E060N&day=156&year=2013
56491273,51.053778,13.738934,2013,156,https://floodmap.modaps.eosdis.nasa.gov/getTile.php?location=010E060N&day=156&year=2013
56491873,51.05342,13.74277,2013,155,https://floodmap.modaps.eosdis.nasa.gov/getTile.php?location=010E060N&day=155&year=2013
56491880,51.053697,13.740453,2013,155,https://floodmap.modaps.eosdis.nasa.gov/getTile.php?location=010E060N&day=155&year=2013
56491899,51.053798,13.739777,2013,155,https://floodmap.modaps.eosdis.nasa.gov/getTile.php?location=010E060N&day=155&year=2013
56491913,51.053582,13.743789,2013,155,https://floodmap.modaps.eosdis.nasa.gov/getTile.php?location=010E060N&day=155&year=2013
56492019,51.054378,13.749057,2013,155,https://floodmap.modaps.eosdis.nasa.gov/getTile.php?location=010E060N&day=155&year=2013
56492038,51.053703,13.740292,2013,155,https://floodmap.modaps.eosdis.nasa.gov/getTile.php?location=010E060N&day=155&year=2013
56492051,51.053852,13.739358,2013,155,https://floodmap.modaps.eosdis.nasa.gov/getTile.php?location=010E060N&day=155&year=2013
56492064,51.054735,13.747126,2013,155,https://floodmap.modaps.eosdis.nasa.gov/getTile.php?location=010E060N&day=155&year=2013
56492345,51.053528,13.742115,2013,154,https://floodmap.modaps.eosdis.nasa.gov/getTile.php?location=010E060N&day=154&year=2013
56492369,51.053446,13.744125,2013,154,https://floodmap.modaps.eosdis.nasa.gov/getTile.php?location=010E060N&day=154&year=2013
56492378,51.05342,13.744145,2013,154,https://floodmap.modaps.eosdis.nasa.gov/getTile.php?location=010E060N&day=154&year=2013
56492383,51.053428,13.74411,2013,154,https://floodmap.modaps.eosdis.nasa.gov/getTile.php?location=010E060N&day=154&year=2013
56492386,51.053438,13.744091,2013,154,https://floodmap.modaps.eosdis.nasa.gov/getTile.php?location=010E060N&day=154&year=2013
56492388,51.053431,13.744086,2013,154,https://floodmap.modaps.eosdis.nasa.gov/getTile.php?location=010E060N&day=154&year=2013
56492400,51.053535,13.744197,2013,154,https://floodmap.modaps.eosdis.nasa.gov/getTile.php?location=010E060N&day=154&year=2013
56492712,51.054941,13.736617,2013,154,https://floodmap.modaps.eosdis.nasa.gov/getTile.php?location=010E060N&day=154&year=2013
56493136,51.055465,13.73342,2013,157,https://floodmap.modaps.eosdis.nasa.gov/getTile.php?location=010E060N&day=157&year=2013
56493142,51.055546,13.73368,2013,157,https://floodmap.modaps.eosdis.nasa.gov/getTile.php?location=010E060N&day=157&year=2013
56493147,51.055614,13.733878,2013,157,https://floodmap.modaps.eosdis.nasa.gov/getTile.php?location=010E060N&day=157&year=2013
56493153,51.056323,13.734825,2013,157,https://floodmap.modaps.eosdis.nasa.gov/getTile.php?location=010E060N&day=157&year=2013
56493157,51.056256,13.735,2013,157,https://floodmap.modaps.eosdis.nasa.gov/getTile.php?location=010E060N&day=157&year=2013
56493160,51.060845,13.732857,2013,157,https://floodmap.modaps.eosdis.nasa.gov/getTile.php?location=010E060N&day=157&year=2013
56493192,51.056703,13.734235,2013,157,https://floodmap.modaps.eosdis.nasa.gov/getTile.php?location=010E060N&day=157&year=2013
56493236,51.054906,13.736569,2013,157,https://floodmap.modaps.eosdis.nasa.gov/getTile.php?location=010E060N&day=157&year=2013
56493353,51.054354,13.73872,2013,157,https://floodmap.modaps.eosdis.nasa.gov/getTile.php?location=010E060N&day=157&year=2013
56498187,51.053329,13.743295,2013,157,https://floodmap.modaps.eosdis.nasa.gov/getTile.php?location=010E060N&day=157&year=2013
56498190,51.053409,13.743773,2013,157,https://floodmap.modaps.eosdis.nasa.gov/getTile.php?location=010E060N&day=157&year=2013
56498229,51.052301,13.745268,2013,157,https://floodmap.modaps.eosdis.nasa.gov/getTile.php?location=010E060N&day=157&year=2013
56506173,51.058174,13.732587,2013,158,https://floodmap.modaps.eosdis.nasa.gov/getTile.php?location=010E060N&day=158&year=2013
56506213,51.057991,13.73263,2013,158,https://floodmap.modaps.eosdis.nasa.gov/getTile.php?location=010E060N&day=158&year=2013
56506221,51.058107,13.732723,2013,158,https://floodmap.modaps.eosdis.nasa.gov/getTile.php?location=010E060N&day=158&year=2013
56506226,51.058036,13.732696,2013,158,https://floodmap.modaps.eosdis.nasa.gov/getTile.php?location=010E060N&day=158&year=2013
56506239,51.058115,13.732742,2013,158,https://floodmap.modaps.eosdis.nasa.gov/getTile.php?location=010E060N&day=158&year=2013
56506293,51.05774,13.738752,2013,158,https://floodmap.modaps.eosdis.nasa.gov/getTile.php?location=010E060N&day=158&year=2013
56506428,51.052257,13.745594,2013,158,https://floodmap.modaps.eosdis.nasa.gov/getTile.php?location=010E060N&day=158&year=2013
56506583,51.054412,13.7385,2013,165,https://floodmap.modaps.eosdis.nasa.gov/getTile.php?location=010E060N&day=165&year=2013
56506776,51.05601,13.746351,2013,165,https://floodmap.modaps.eosdis.nasa.gov/getTile.php?location=010E060N&day=165&year=2013
56513915,51.055098,13.736798,2013,159,https://floodmap.modaps.eosdis.nasa.gov/getTile.php?location=010E060N&day=159&year=2013
56513955,51.053811,13.738997,2013,159,https://floodmap.modaps.eosdis.nasa.gov/getTile.php?location=010E060N&day=159&year=2013
56513985,51.054422,13.738559,2013,159,https://floodmap.modaps.eosdis.nasa.gov/getTile.php?location=010E060N&day=159&year=2013
56513997,51.05392,13.746981,2013,159,https://floodmap.modaps.eosdis.nasa.gov/getTile.php?location=010E060N&day=159&year=2013
56523472,51.057244,13.738393,2013,160,https://floodmap.modaps.eosdis.nasa.gov/getTile.php?location=010E060N&day=160&year=2013
56523504,51.055925,13.735266,2013,160,https://floodmap.modaps.eosdis.nasa.gov/getTile.php?location=010E060N&day=160&year=2013
56523626,51.054412,13.738478,2013,160,https://floodmap.modaps.eosdis.nasa.gov/getTile.php?location=010E060N&day=160&year=2013
56523659,51.054397,13.738515,2013,160,https://floodmap.modaps.eosdis.nasa.gov/getTile.php?location=010E060N&day=160&year=2013
56523758,51.053521,13.744637,2013,160,https://floodmap.modaps.eosdis.nasa.gov/getTile.php?location=010E060N&day=160&year=2013
56523768,51.053447,13.744862,2013,160,https://floodmap.modaps.eosdis.nasa.gov/getTile.php?location=010E060N&day=160&year=2013
56523775,51.053474,13.744841,2013,160,https://floodmap.modaps.eosdis.nasa.gov/getTile.php?location=010E060N&day=160&year=2013
56523829,51.053222,13.74676,2013,160,https://floodmap.modaps.eosdis.nasa.gov/getTile.php?location=010E060N&day=160&year=2013
56523844,51.053226,13.746764,2013,160,https://floodmap.modaps.eosdis.nasa.gov/getTile.php?location=010E060N&day=160&year=2013
56523854,51.053233,13.746753,2013,160,https://floodmap.modaps.eosdis.nasa.gov/getTile.php?location=010E060N&day=160&year=2013
56535737,51.054374,13.738494,2013,161,https://floodmap.modaps.eosdis.nasa.gov/getTile.php?location=010E060N&day=161&year=2013
56535786,51.054344,13.738506,2013,161,https://floodmap.modaps.eosdis.nasa.gov/getTile.php?location=010E060N&day=161&year=2013
56535804,51.054113,13.739198,2013,161,https://floodmap.modaps.eosdis.nasa.gov/getTile.php?location=010E060N&day=161&year=2013
56535953,51.053401,13.742972,2013,161,https://floodmap.modaps.eosdis.nasa.gov/getTile.php?location=010E060N&day=161&year=2013
56536017,51.053276,13.745014,2013,161,https://floodmap.modaps.eosdis.nasa.gov/getTile.php?location=010E060N&day=161&year=2013
56538656,51.056414,13.734817,2013,161,https://floodmap.modaps.eosdis.nasa.gov/getTile.php?location=010E060N&day=161&year=2013
56555577,51.056595,13.73451,2013,163,https://floodmap.modaps.eosdis.nasa.gov/getTile.php?location=010E060N&day=163&year=2013
56555631,51.054893,13.736893,2013,163,https://floodmap.modaps.eosdis.nasa.gov/getTile.php?location=010E060N&day=163&year=2013
56555652,51.054405,13.738457,2013,163,https://floodmap.modaps.eosdis.nasa.gov/getTile.php?location=010E060N&day=163&year=2013
56555667,51.054378,13.738537,2013,163,https://floodmap.modaps.eosdis.nasa.gov/getTile.php?location=010E060N&day=163&year=2013
56556002,51.053436,13.74709,2013,163,https://floodmap.modaps.eosdis.nasa.gov/getTile.php?location=010E060N&day=163&year=2013
56556049,51.053319,13.745608,2013,163,https://floodmap.modaps.eosdis.nasa.gov/getTile.php?location=010E060N&day=163&year=2013
56753275,48.15027,16.943946,2013,158,https://floodmap.modaps.eosdis.nasa.gov/getTile.php?location=010E050N&day=158&year=2013
57166256,51.071093,13.728112,2013,157,https://floodmap.modaps.eosdis.nasa.gov/getTile.php?location=010E060N&day=157&year=2013
57239635,48.814952,14.316631,2013,153,https://floodmap.modaps.eosdis.nasa.gov/getTile.php?location=010E050N&day=153&year=2013
57239653,48.815068,14.317516,2013,153,https://floodmap.modaps.eosdis.nasa.gov/getTile.php?location=010E050N&day=153&year=2013
57239735,48.814254,14.319182,2013,153,https://floodmap.modaps.eosdis.nasa.gov/getTile.php?location=010E050N&day=153&year=2013
57239740,48.813929,14.320421,2013,153,https://floodmap.modaps.eosdis.nasa.gov/getTile.php?location=010E050N&day=153&year=2013
57239762,48.794302,14.221721,2013,153,https://floodmap.modaps.eosdis.nasa.gov/getTile.php?location=010E050N&day=153&year=2013
57239774,48.810467,14.26019,2013,153,https://floodmap.modaps.eosdis.nasa.gov/getTile.php?location=010E050N&day=153&year=2013
59072327,50.10346,14.467664,2013,154,https://floodmap.modaps.eosdis.nasa.gov/getTile.php?location=010E060N&day=154&year=2013
59072331,50.103391,14.458555,2013,154,https://floodmap.modaps.eosdis.nasa.gov/getTile.php?location=010E060N&day=154&year=2013
59072342,50.10346,14.468833,2013,154,https://floodmap.modaps.eosdis.nasa.gov/getTile.php?location=010E060N&day=154&year=2013
59072349,50.10346,14.46864,2013,154,https://floodmap.modaps.eosdis.nasa.gov/getTile.php?location=010E060N&day=154&year=2013
59072354,50.103463,14.468731,2013,154,https://floodmap.modaps.eosdis.nasa.gov/getTile.php?location=010E060N&day=154&year=2013
59072360,50.105472,14.47276,2013,154,https://floodmap.modaps.eosdis.nasa.gov/getTile.php?location=010E060N&day=154&year=2013
59072365,50.097053,14.43728,2013,155,https://floodmap.modaps.eosdis.nasa.gov/getTile.php?location=010E060N&day=155&year=2013
59072372,50.095102,14.437248,2013,155,https://floodmap.modaps.eosdis.nasa.gov/getTile.php?location=010E060N&day=155&year=2013
59072388,50.095117,14.437317,2013,155,https://floodmap.modaps.eosdis.nasa.gov/getTile.php?location=010E060N&day=155&year=2013
59072407,50.095127,14.437403,2013,155,https://floodmap.modaps.eosdis.nasa.gov/getTile.php?location=010E060N&day=155&year=2013
59072426,50.094774,14.43725,2013,155,https://floodmap.modaps.eosdis.nasa.gov/getTile.php?location=010E060N&day=155&year=2013
59072481,50.096604,14.436883,2013,155,https://floodmap.modaps.eosdis.nasa.gov/getTile.php?location=010E060N&day=155&year=2013
